Day 1, 12968182
Day 2, 13199015
Day 3, 13433957
Day 4, 13673081
Day 5, 13916461
Day 6, 14164174
Day 7, 14416296
Day 8, 14672906
Day 9, 14934083
Day 10, 15199909
Day 11, 15470467
Day 12, 15745841
Day 13, 16026116
Day 14, 16311380
Day 15, 16601722
Day 16, 16897232
Day 17, 17198002
Day 18, 17504126
Day 19, 17815699
Day 20, 18132818
Day 21, 18455582
Day 22, 18784091
Day 23, 19118447
Day 24, 19458755
Day 25, 19805120
Day 26, 20157651
Day 27, 20516457
Day 28, 20881649
Day 29, 21253342
Day 30, 21631651
Day 31, 22016694
Day 32, 22408591
Day 33, 22807463
Day 34, 23213435
Day 35, 23626634
Day 36, 24047188
Day 37, 24475227
Day 38, 24910886
Day 39, 25354299
Day 40, 25805605
Day 41, 26264944
Day 42, 26732460
Day 43, 27208297
Day 44, 27692604
Day 45, 28185532
Day 46, 28687234
Day 47, 29197866
Day 48, 29717588
Day 49, 30246561
Day 50, 30784949
Day 51, 31332921
Day 52, 31890646
Day 53, 32458299
Day 54, 33036056
Day 55, 33624097
Day 56, 34222605
Day 57, 34831767
Day 58, 35451772
Day 59, 36082813
Day 60, 36725087
Day 61, 37378793
Day 62, 38044135
Day 63, 38721320
Day 64, 39410559
Day 65, 40112066
Day 66, 40826060
Day 67, 41552763
Day 68, 42292402
Day 69, 43045206
Day 70, 43811410
Day 71, 44591253
Day 72, 45384977
Day 73, 46192829
Day 74, 47015061
Day 75, 47851929
Day 76, 48703693
Day 77, 49570618
Day 78, 50452975
Day 79, 51351037
Day 80, 52265085
Day 81, 53195403
Day 82, 54142281
Day 83, 55106013
Day 84, 56086900
Day 85, 57085246
Day 86, 58101363
Day 87, 59135567
Day 88, 60188180
Day 89, 61259529
Day 90, 62349948
Day 91, 63459777
Day 92, 64589361
Day 93, 65739051
Day 94, 66909206
Day 95, 68100189
Day 96, 69312372
Day 97, 70546132
Day 98, 71801853
Day 99, 73079925
Day 100, 74380747
Day 101, 75704724
Day 102, 77052268
Day 103, 78423798
Day 104, 79819741
Day 105, 81240532
Day 106, 82686613
Day 107, 84158434
Day 108, 85656454
Day 109, 87181138
Day 110, 88732962
Day 111, 90312408
Day 112, 91919968
Day 113, 93556143
Day 114, 95221442
Day 115, 96916383
Day 116, 98641494
Day 117, 100397312
Day 118, 102184384
Day 119, 104003266
Day 120, 105854524
Day 121, 107738734
Day 122, 109656483
Day 123, 111608368
Day 124, 113594996
Day 125, 115616986
Day 126, 117674968
Day 127, 119769582
Day 128, 121901480
Day 129, 124071326
Day 130, 126279795
Day 131, 128527575
Day 132, 130815365
Day 133, 133143878
Day 134, 135513839
Day 135, 137925985
Day 136, 140381067
Day 137, 142879849
Day 138, 145423110
Day 139, 148011641
Day 140, 150646248
Day 141, 153327751
Day 142, 156056984
Day 143, 158834798
Day 144, 161662057
Day 145, 164539641
Day 146, 167468446
Day 147, 170449384
Day 148, 173483383
Day 149, 176571387
Day 150, 179714357
Day 151, 182913272
Day 152, 186169128
Day 153, 189482938
Day 154, 192855734
Day 155, 196288566
Day 156, 199782502
Day 157, 203338630
Day 158, 206958057
Day 159, 210641910
Day 160, 214391335
Day 161, 218207500
Day 162, 222091593
Day 163, 226044823
Day 164, 230068420
Day 165, 234163637
Day 166, 238331749
Day 167, 242574054
Day 168, 246891872
Day 169, 251286547
Day 170, 255759447
Day 171, 260311965
Day 172, 264945517
Day 173, 269661547
Day 174, 274461522
Day 175, 279346937
Day 176, 284319312
Day 177, 289380195
Day 178, 294531162
